<?xml version="1.0" encoding="UTF-8"?>
<Tokens version="1.0">
	<File path="Classes/DBDatastoreManager.html">
		
		<Token>
			<TokenIdentifier>//apple_ref/occ/cl/DBDatastoreManager</TokenIdentifier>
			<Abstract type="html">The datastore manager lets you list, create, open, and delete datastores. You can
also add an observer to find out when the list of datastores changes.</Abstract>
			<DeclaredIn>DBDatastoreManager.h</DeclaredIn>
			
			<NodeRef refid="5"/>
		</Token>
		
		
		<Token>
			<TokenIdentifier>//apple_ref/occ/clm/DBDatastoreManager/managerForAccount:</TokenIdentifier>
			<Abstract type="html">Gets the datastore manager for an account that has been linked via the account manager.</Abstract>
			<DeclaredIn>DBDatastoreManager.h</DeclaredIn>			
			
			<Declaration>+ (DBDatastoreManager *)managerForAccount:(DBAccount *)account</Declaration>
			
			
			<Anchor>//api/name/managerForAccount:</Anchor>
		</Token>
		
		<Token>
			<TokenIdentifier>//apple_ref/occ/instm/DBDatastoreManager/openDefaultDatastore:</TokenIdentifier>
			<Abstract type="html">Opens the default datastore for this account, or creates it if it doesn&apos;t exist.</Abstract>
			<DeclaredIn>DBDatastoreManager.h</DeclaredIn>			
			
			<Declaration>- (DBDatastore *)openDefaultDatastore:(DBError **)error</Declaration>
			
			<ReturnValue><Abstract type="html">The default datastore if successful, or nil if an error occurred.</Abstract></ReturnValue>
			<Anchor>//api/name/openDefaultDatastore:</Anchor>
		</Token>
		
		<Token>
			<TokenIdentifier>//apple_ref/occ/instm/DBDatastoreManager/listDatastoreIds:</TokenIdentifier>
			<Abstract type="html">List the IDs of all known datastores for the user, including the default datastore if it has
been created.</Abstract>
			<DeclaredIn>DBDatastoreManager.h</DeclaredIn>			
			
			<Declaration>- (NSArray *)listDatastoreIds:(DBError **)error</Declaration>
			
			<ReturnValue><Abstract type="html">A list of datastore IDs as strings if successful, or nil if an error occurred.</Abstract></ReturnValue>
			<Anchor>//api/name/listDatastoreIds:</Anchor>
		</Token>
		
		<Token>
			<TokenIdentifier>//apple_ref/occ/instm/DBDatastoreManager/openDatastore:error:</TokenIdentifier>
			<Abstract type="html">Open an existing datastore by its ID.</Abstract>
			<DeclaredIn>DBDatastoreManager.h</DeclaredIn>			
			
			<Declaration>- (DBDatastore *)openDatastore:(NSString *)datastoreId error:(DBError **)error</Declaration>
			
			<ReturnValue><Abstract type="html">The datastore with the given ID if successful, or nil if an error occurred.</Abstract></ReturnValue>
			<Anchor>//api/name/openDatastore:error:</Anchor>
		</Token>
		
		<Token>
			<TokenIdentifier>//apple_ref/occ/instm/DBDatastoreManager/createDatastore:</TokenIdentifier>
			<Abstract type="html">Creates and opens a new datastore with a unique ID.</Abstract>
			<DeclaredIn>DBDatastoreManager.h</DeclaredIn>			
			
			<Declaration>- (DBDatastore *)createDatastore:(DBError **)error</Declaration>
			
			<ReturnValue><Abstract type="html">The newly created datastore, or nil if an error occcurred.</Abstract></ReturnValue>
			<Anchor>//api/name/createDatastore:</Anchor>
		</Token>
		
		<Token>
			<TokenIdentifier>//apple_ref/occ/instm/DBDatastoreManager/deleteDatastore:error:</TokenIdentifier>
			<Abstract type="html">Deletes a datastore with the given ID.</Abstract>
			<DeclaredIn>DBDatastoreManager.h</DeclaredIn>			
			
			<Declaration>- (BOOL)deleteDatastore:(NSString *)datastoreId error:(DBError **)error</Declaration>
			
			<ReturnValue><Abstract type="html">YES if the datastore was deleted, or NO if an error occurrred.</Abstract></ReturnValue>
			<Anchor>//api/name/deleteDatastore:error:</Anchor>
		</Token>
		
		<Token>
			<TokenIdentifier>//apple_ref/occ/instm/DBDatastoreManager/addObserver:block:</TokenIdentifier>
			<Abstract type="html">Add a block to be called when a datastore is added or removed.</Abstract>
			<DeclaredIn>DBDatastoreManager.h</DeclaredIn>			
			
			<Declaration>- (void)addObserver:(id)obj block:(DBObserver)block</Declaration>
			
			
			<Anchor>//api/name/addObserver:block:</Anchor>
		</Token>
		
		<Token>
			<TokenIdentifier>//apple_ref/occ/instm/DBDatastoreManager/removeObserver:</TokenIdentifier>
			<Abstract type="html">Remove all blocks associated with the given observer.</Abstract>
			<DeclaredIn>DBDatastoreManager.h</DeclaredIn>			
			
			<Declaration>- (void)removeObserver:(id)obj</Declaration>
			
			
			<Anchor>//api/name/removeObserver:</Anchor>
		</Token>
		
		<Token>
			<TokenIdentifier>//apple_ref/occ/instm/DBDatastoreManager/shutDown</TokenIdentifier>
			<Abstract type="html">Shuts down the datastore manager, which stops all syncing.</Abstract>
			<DeclaredIn>DBDatastoreManager.h</DeclaredIn>			
			
			<Declaration>- (void)shutDown</Declaration>
			
			
			<Anchor>//api/name/shutDown</Anchor>
		</Token>
		
		<Token>
			<TokenIdentifier>//apple_ref/occ/instm/DBDatastoreManager/setShutDown:</TokenIdentifier>
			<Abstract type="html">Whether the datastore manager is current shut down.</Abstract>
			<DeclaredIn>DBDatastoreManager.h</DeclaredIn>			
			
			<Declaration>@property (nonatomic, readonly, getter=isShutDown) BOOL shutDown</Declaration>
			
			
			<Anchor>//api/name/shutDown</Anchor>
		</Token>
		
		<Token>
			<TokenIdentifier>//apple_ref/occ/instp/DBDatastoreManager/shutDown</TokenIdentifier>
			<Abstract type="html">Whether the datastore manager is current shut down.</Abstract>
			<DeclaredIn>DBDatastoreManager.h</DeclaredIn>			
			
			<Declaration>@property (nonatomic, readonly, getter=isShutDown) BOOL shutDown</Declaration>
			
			
			<Anchor>//api/name/shutDown</Anchor>
		</Token>
		
	</File>
</Tokens>